省份,城市,死亡率,年份,来源
未注明,庐山市,8.31,2023,九江统计年鉴
未注明,延边市,10.44,2022,延边统计年鉴
云南省,临沧市,8.66,2025,临沧市国民经济和社会发展统计公报
云南省,丽江市,8.56,2025,丽江市国民经济和社会发展统计公报
云南省,保山市,7.78,2024,保山市国民经济和社会发展统计公报
云南省,大理白族自治州,7.93,2024,大理白族自治州国民经济和社会发展统计公报
云南省,德宏傣族景颇族自治州,9.8,2024,德宏傣族景颇族自治州国民经济和社会发展统计公报
云南省,怒江傈僳族自治州,9.37,2024,怒江傈僳族自治州国民经济和社会发展统计公报
云南省,文山壮族苗族自治州,9.6,2024,文山壮族苗族自治州国民经济和社会发展统计公报
云南省,昆明市,7.88,2025,昆明市国民经济和社会发展统计公报
云南省,昭通市,10.6,2024,昭通市国民经济和社会发展统计公报
云南省,普洱市,7.78,2024,普洱市国民经济和社会发展统计公报
云南省,曲靖市,9.11,2024,曲靖市国民经济和社会发展统计公报
云南省,楚雄彝族自治州,7.7,2025,楚雄彝族自治州国民经济和社会发展统计公报
云南省,玉溪市,7.86,2024,玉溪市国民经济和社会发展统计公报
云南省,红河哈尼族彝族自治州,8.14,2024,红河哈尼族彝族自治州国民经济和社会发展统计公报
云南省,西双版纳傣族自治州,7.5,2025,西双版纳傣族自治州国民经济和社会发展统计公报
云南省,迪庆藏族自治州,6.33,2024,迪庆藏族自治州国民经济和社会发展统计公报
内蒙古自治区,乌兰察布市,12.1,2025,乌兰察布市国民经济和社会发展统计公报
内蒙古自治区,乌海市,7.59,2025,乌海市国民经济和社会发展统计公报
内蒙古自治区,兴安盟,8.58,2025,兴安盟国民经济和社会发展统计公报
内蒙古自治区,包头市,8.29,2025,包头市国民经济和社会发展统计公报
内蒙古自治区,呼伦贝尔市,11.41,2025,呼伦贝尔市国民经济和社会发展统计公报
内蒙古自治区,呼和浩特市,6.6,2025,呼和浩特市国民经济和社会发展统计公报
内蒙古自治区,巴彦淖尔市,11.0,2025,巴彦淖尔市国民经济和社会发展统计公报
内蒙古自治区,赤峰市,8.93,2025,赤峰市国民经济和社会发展统计公报
内蒙古自治区,通辽市,10.13,2025,通辽市国民经济和社会发展统计公报
内蒙古自治区,鄂尔多斯市,6.82,2025,鄂尔多斯市国民经济和社会发展统计公报
内蒙古自治区,锡林郭勒盟,7.67,2025,锡林郭勒盟国民经济和社会发展统计公报
内蒙古自治区,阿拉善盟,7.15,2025,阿拉善盟国民经济和社会发展统计公报
吉林省,吉林市,19.1,2025,吉林市国民经济和社会发展统计公报
吉林省,四平市,9.5,2024,四平市国民经济和社会发展统计公报
吉林省,延边朝鲜族自治州,7.2,2024,延边朝鲜族自治州国民经济和社会发展统计公报
吉林省,松原市,9.39,2024,松原市国民经济和社会发展统计公报
吉林省,白城市,16.11,2024,白城市国民经济和社会发展统计公报
吉林省,白山市,10.76,2024,白山市国民经济和社会发展统计公报
吉林省,辽源市,4.76,2022,吉林统计年鉴
吉林省,通化市,11.22,2024,通化市国民经济和社会发展统计公报
吉林省,长春市,8.53,2025,长春市国民经济和社会发展统计公报
四川省,万源市,8.47,2024,（四川省）万源市国民经济和社会发展统计公报
四川省,乐山市,7.34,2023,四川统计年鉴
四川省,内江市,10.61,2025,内江市国民经济和社会发展统计公报
四川省,凉山彝族自治州,6.12,2023,四川统计年鉴
四川省,南充市,6.94,2023,四川统计年鉴
四川省,宜宾市,7.04,2024,宜宾市国民经济和社会发展统计公报
四川省,巴中市,8.19,2025,巴中市国民经济和社会发展统计公报
四川省,广元市,9.0,2025,广元市国民经济和社会发展统计公报
四川省,广安市,10.37,2025,广安市国民经济和社会发展统计公报
四川省,德阳市,9.51,2023,四川统计年鉴
四川省,成都市,5.04,2024,成都统计年鉴
四川省,攀枝花市,7.38,2023,四川统计年鉴
四川省,泸州市,7.48,2024,泸州市国民经济和社会发展统计公报
四川省,甘孜州,2.69,2021,甘孜统计年鉴
四川省,甘孜藏族自治州,8.2,2025,甘孜藏族自治州国民经济和社会发展统计公报
四川省,眉山市,9.36,2023,四川统计年鉴
四川省,绵阳市,8.8,2023,绵阳统计年鉴
四川省,自贡市,11.0,2025,自贡市国民经济和社会发展统计公报
四川省,资阳市,10.51,2025,资阳市国民经济和社会发展统计公报
四川省,达州市,7.59,2025,达州市国民经济和社会发展统计公报
四川省,遂宁市,8.87,2025,遂宁市国民经济和社会发展统计公报
四川省,阿坝藏族羌族自治州,4.35,2023,四川统计年鉴
四川省,雅安市,11.0,2025,雅安市国民经济和社会发展统计公报
宁夏回族自治区,中卫市,7.31,2024,中卫市国民经济和社会发展统计公报
宁夏回族自治区,吴忠市,6.96,2024,吴忠市国民经济和社会发展统计公报
宁夏回族自治区,固原市,8.39,2024,固原市国民经济和社会发展统计公报
宁夏回族自治区,石嘴山市,9.13,2024,石嘴山市国民经济和社会发展统计公报
宁夏回族自治区,银川市,4.43,2024,银川市国民经济和社会发展统计公报
安徽省,亳州市,9.25,2023,安徽统计年鉴
安徽省,六安市,9.61,2023,安徽统计年鉴
安徽省,合肥市,6.15,2024,合肥市国民经济和社会发展统计公报
安徽省,安庆市,10.01,2023,安徽统计年鉴
安徽省,宣城市,9.56,2024,宣城市国民经济和社会发展统计公报
安徽省,宿州市,9.27,2023,安徽统计年鉴
安徽省,池州市,9.19,2023,安徽统计年鉴
安徽省,淮北市,8.16,2024,淮北市国民经济和社会发展统计公报
安徽省,淮南市,8.79,2023,安徽统计年鉴
安徽省,滁州市,5.42,2024,滁州市国民经济和社会发展统计公报
安徽省,芜湖市,7.39,2023,安徽统计年鉴
安徽省,蚌埠市,7.3,2023,安徽统计年鉴
安徽省,铜陵市,10.21,2023,安徽统计年鉴
安徽省,阜阳市,9.8,2023,安徽统计年鉴
安徽省,马鞍山市,7.12,2024,马鞍山市国民经济和社会发展统计公报
安徽省,黄山市,9.34,2023,安徽统计年鉴
山东省,东营市,3.96,2021,2021年东营市国民经济和社会发展统计公报
山东省,威海市,9.21,2023,威海市国民经济和社会发展统计公报
山东省,德州市,5.33,2023,德州市国民经济和社会发展统计公报
山东省,日照市,4.04,2023,2023年日照市国民经济和社会发展统计公报
山东省,枣庄市,5.65,2021,2021年枣庄市国民经济和社会发展统计公报
山东省,济南市,7.2,2025,济南市国民经济和社会发展统计公报
山东省,潍坊市,8.86,2023,潍坊统计年鉴
山西省,临汾市,9.13,2025,临汾市国民经济和社会发展统计公报
山西省,吕梁市,7.53,2024,吕梁统计年鉴
山西省,大同市,8.8,2025,大同市国民经济和社会发展统计公报
山西省,太原市,6.46,2024,太原市国民经济和社会发展统计公报
山西省,忻州市,9.3,2025,忻州市国民经济和社会发展统计公报
山西省,晋中市,8.8,2025,晋中市国民经济和社会发展统计公报
山西省,晋城市,6.58,2024,晋城统计年鉴
山西省,朔州市,7.65,2024,朔州市国民经济和社会发展统计公报
山西省,运城市,9.19,2024,运城市国民经济和社会发展统计公报
山西省,长治市,9.63,2024,长治市国民经济和社会发展统计公报
山西省,阳泉市,9.01,2024,阳泉市国民经济和社会发展统计公报
广东省,东莞市,3.53,2025,东莞市国民经济和社会发展统计公报
广东省,中山市,3.13,2024,中山市国民经济和社会发展统计公报
广东省,云浮市,6.6,2025,云浮市国民经济和社会发展统计公报
广东省,佛山市,5.04,2024,佛山市国民经济和社会发展统计公报
广东省,广州市,5.14,2025,广州市国民经济和社会发展统计公报
广东省,惠州市,3.36,2025,惠州市国民经济和社会发展统计公报
广东省,揭阳市,5.41,2024,揭阳市国民经济和社会发展统计公报
广东省,梅州市,9.79,2025,梅州市国民经济和社会发展统计公报
广东省,汕头市,7.32,2025,汕头市国民经济和社会发展统计公报
广东省,江门市,7.71,2022,2022年江门市国民经济和社会发展统计公报
广东省,深圳市,1.27,2024,深圳统计年鉴
广东省,清远市,5.94,2024,清远市国民经济和社会发展统计公报
广东省,湛江市,6.57,2025,湛江市国民经济和社会发展统计公报
广东省,潮州市,7.2,2023,2023年潮州市国民经济和社会发展统计公报
广东省,珠海市,3.03,2024,珠海市国民经济和社会发展统计公报
广东省,番禺市,3.87,2021,番禺统计年鉴
广东省,肇庆市,7.11,2024,肇庆市国民经济和社会发展统计公报
广东省,茂名市,8.04,2025,茂名市国民经济和社会发展统计公报
广东省,阳江市,5.88,2025,阳江市国民经济和社会发展统计公报
广东省,韶关市,9.63,2025,韶关市国民经济和社会发展统计公报
广西壮族自治区,北海市,6.42,2024,北海市国民经济和社会发展统计公报
广西壮族自治区,南宁市,7.08,2025,南宁市国民经济和社会发展统计公报
广西壮族自治区,崇左市,9.09,2024,崇左市国民经济和社会发展统计公报
广西壮族自治区,来宾市,9.58,2025,来宾市国民经济和社会发展统计公报
广西壮族自治区,柳州市,5.16,2024,柳州市国民经济和社会发展统计公报
广西壮族自治区,桂林市,6.45,2024,桂林市国民经济和社会发展统计公报
广西壮族自治区,梧州市,7.76,2024,梧州市国民经济和社会发展统计公报
广西壮族自治区,横州市,6.69,2024,（广西壮族自治区）横州市国民经济和社会发展统计公报
广西壮族自治区,河池市,8.7,2024,河池市国民经济和社会发展统计公报
广西壮族自治区,玉林市,7.69,2024,玉林市国民经济和社会发展统计公报
广西壮族自治区,百色市,8.07,2024,百色市国民经济和社会发展统计公报
广西壮族自治区,贵港市,7.4,2024,贵港市国民经济和社会发展统计公报
广西壮族自治区,贺州市,7.25,2024,贺州市国民经济和社会发展统计公报
广西壮族自治区,钦州市,6.53,2024,钦州市国民经济和社会发展统计公报
广西壮族自治区,防城港市,5.67,2022,防城港市统计年鉴
新疆维吾尔自治区,乌鲁木齐市,4.18,2025,乌鲁木齐市国民经济和社会发展统计公报
新疆维吾尔自治区,克孜勒苏柯尔克孜自治州,5.57,2023,克孜勒苏柯尔克孜自治州国民经济和社会发展统计公报
新疆维吾尔自治区,克拉玛依市,6.06,2025,克拉玛依市国民经济和社会发展统计公报
新疆维吾尔自治区,喀什地区,5.66,2022,2022年喀什地区国民经济和社会发展统计公报
新疆维吾尔自治区,巴音郭楞蒙古自治州,5.97,2025,巴音郭楞蒙古自治州国民经济和社会发展统计公报
新疆维吾尔自治区,昌吉回族自治州,7.25,2024,昌吉回族自治州国民经济和社会发展统计公报
新疆维吾尔自治区,沙湾市,8.63,2024,（新疆）沙湾市国民经济和社会发展统计公报
新疆维吾尔自治区,阿克苏地区,5.69,2022,2022年阿克苏地区国民经济和社会发展统计公报
江苏省,南京市,5.15,2024,南京市国民经济和社会发展统计公报
江苏省,南通市,10.14,2024,南通统计年鉴
江苏省,宿迁市,7.63,2024,宿迁市国民经济和社会发展统计公报
江苏省,常州市,9.3,2023,常州统计年鉴
江苏省,徐州市,7.71,2024,徐州市国民经济和社会发展统计公报
江苏省,扬州市,9.22,2024,扬州统计年鉴
江苏省,无锡市,7.32,2021,无锡统计年鉴
江苏省,泰州市,8.29,2024,泰州市国民经济和社会发展统计公报
江苏省,海安市,11.78,2024,（江苏省）海安市国民经济和社会发展统计公报
江苏省,淮安市,9.0,2024,淮安市国民经济和社会发展统计公报
江苏省,盐城市,10.22,2024,盐城市国民经济和社会发展统计公报
江苏省,苏州市,6.8,2021,苏州统计年鉴
江苏省,连云港市,7.5,2024,连云港市国民经济和社会发展统计公报
江苏省,通州市,10.45,2024,通州统计年鉴
江苏省,镇江市,4.43,2024,镇江统计年鉴
江西省,上饶市,7.36,2024,上饶市国民经济和社会发展统计公报
江西省,九江市,7.29,2024,九江市国民经济和社会发展统计公报
江西省,南昌市,4.03,2024,南昌统计年鉴
江西省,吉安市,7.98,2025,吉安市国民经济和社会发展统计公报
江西省,宜春市,8.28,2025,宜春市国民经济和社会发展统计公报
江西省,抚州市,7.66,2025,抚州市国民经济和社会发展统计公报
江西省,新余市,6.68,2025,新余市国民经济和社会发展统计公报
江西省,景德镇市,6.97,2024,景德镇统计年鉴
江西省,萍乡市,8.29,2024,萍乡市国民经济和社会发展统计公报
江西省,赣州市,7.65,2025,赣州市国民经济和社会发展统计公报
江西省,鹰潭市,7.62,2025,鹰潭市国民经济和社会发展统计公报
江西省,龙南市,8.09,2024,赣州统计年鉴
河北省,保定市,7.48,2021,2021年保定市国民经济和社会发展统计公报
河北省,唐山市,8.96,2023,河北农村统计年鉴
河北省,廊坊市,4.06,2024,廊坊市国民经济和社会发展统计公报
河北省,张家口市,9.16,2023,河北农村统计年鉴
河北省,承德市,9.09,2023,河北农村统计年鉴
河北省,沧州市,8.49,2024,沧州市国民经济和社会发展统计公报
河北省,秦皇岛市,8.99,2023,河北农村统计年鉴
河北省,衡水市,8.24,2023,河北农村统计年鉴
河北省,邢台市,8.3,2023,河北农村统计年鉴
河北省,邯郸市,8.01,2023,河北农村统计年鉴
河南省,三门峡市,7.8,2024,三门峡市国民经济和社会发展统计公报
河南省,信阳市,8.8,2024,信阳市国民经济和社会发展统计公报
河南省,南阳市,9.26,2025,南阳市国民经济和社会发展统计公报
河南省,周口市,8.97,2024,周口市国民经济和社会发展统计公报
河南省,商丘市,9.19,2025,商丘市国民经济和社会发展统计公报
河南省,安阳市,7.84,2024,安阳市国民经济和社会发展统计公报
河南省,平顶山市,8.02,2024,平顶山市国民经济和社会发展统计公报
河南省,开封市,8.72,2024,开封市国民经济和社会发展统计公报
河南省,新乡市,7.71,2024,新乡市国民经济和社会发展统计公报
河南省,洛阳市,8.08,2025,洛阳市国民经济和社会发展统计公报
河南省,漯河市,8.75,2024,漯河市国民经济和社会发展统计公报
河南省,濮阳市,7.71,2024,濮阳市国民经济和社会发展统计公报
河南省,焦作市,7.84,2024,焦作市国民经济和社会发展统计公报
河南省,许昌市,8.54,2024,许昌市国民经济和社会发展统计公报
河南省,郑州市,5.09,2025,郑州市国民经济和社会发展统计公报
河南省,长垣市,7.9,2024,（河南省）长垣市国民经济和社会发展统计公报
河南省,驻马店市,9.04,2024,驻马店市国民经济和社会发展统计公报
河南省,鹤壁市,7.55,2024,鹤壁市国民经济和社会发展统计公报
浙江省,丽水市,6.57,2024,丽水统计年鉴
浙江省,兰溪市,7.87,2024,（浙江省）兰溪市国民经济和社会发展统计公报
浙江省,台州市,7.3,2025,台州市国民经济和社会发展统计公报
浙江省,嘉兴市,6.7,2025,嘉兴市国民经济和社会发展统计公报
浙江省,宁波市,6.36,2025,宁波市国民经济和社会发展统计公报
浙江省,建德市,7.45,2024,（浙江省）建德市国民经济和社会发展统计公报
浙江省,杭州市,5.49,2025,杭州市国民经济和社会发展统计公报
浙江省,温州市,6.1,2025,温州市国民经济和社会发展统计公报
浙江省,湖州市,7.4,2024,浙江统计年鉴
浙江省,玉环市,6.8,2025,（浙江省）玉环市国民经济和社会发展统计公报
浙江省,绍兴市,7.5,2025,绍兴市国民经济和社会发展统计公报
浙江省,舟山市,7.9,2024,浙江统计年鉴
浙江省,衢州市,8.5,2024,浙江统计年鉴
浙江省,金华市,6.48,2025,金华市国民经济和社会发展统计公报
浙江省,龙港市,4.7,2024,（浙江省）龙港市国民经济和社会发展统计公报
海南省,海口市,5.19,2024,海口统计年鉴
湖北省,京山市,6.61,2023,（湖北省）京山市国民经济和社会发展统计公报
湖北省,咸宁市,5.55,2023,咸宁统计年鉴
湖北省,孝感市,10.68,2024,孝感市国民经济和社会发展统计公报
湖北省,宜昌市,16.6,2024,宜昌市国民经济和社会发展统计公报
湖北省,宜都市,8.28,2024,（湖北省）宜都市国民经济和社会发展统计公报
湖北省,恩施土家族苗族自治州,6.11,2024,恩施土家族苗族自治州国民经济和社会发展统计公报
湖北省,武汉市,6.82,2022,2022年武汉市国民经济和社会发展统计公报
湖北省,荆门市,7.31,2025,荆门市国民经济和社会发展统计公报
湖北省,襄阳市,5.1,2023,2023年襄阳市国民经济和社会发展统计公报
湖北省,鄂州市,7.0,2022,2022年鄂州市国民经济和社会发展统计公报
湖北省,黄冈市,7.54,2021,2021年黄冈市国民经济和社会发展统计公报
湖南省,娄底市,7.47,2025,娄底市国民经济和社会发展统计公报
湖南省,宁乡市,7.82,2024,（湖南省）宁乡市国民经济和社会发展统计公报
湖南省,张家界市,7.0,2024,张家界市国民经济和社会发展统计公报
湖南省,怀化市,7.65,2024,怀化市国民经济和社会发展统计公报
湖南省,永州市,5.69,2025,永州市国民经济和社会发展统计公报
湖南省,浏阳市,7.69,2024,（湖南省）浏阳市国民经济和社会发展统计公报
湖南省,湘西土家族苗族自治州,4.3,2025,湘西土家族苗族自治州国民经济和社会发展统计公报
湖南省,祁阳市,6.38,2024,（湖南省）祁阳市国民经济和社会发展统计公报
湖南省,邵阳市,5.5,2024,邵阳市国民经济和社会发展统计公报
湖南省,长沙市,7.14,2025,长沙市国民经济和社会发展统计公报
甘肃省,临夏回族自治州,9.26,2024,临夏回族自治州国民经济和社会发展统计公报
甘肃省,兰州市,3.89,2024,兰州统计年鉴
甘肃省,嘉峪关市,6.92,2024,嘉峪关市国民经济和社会发展统计公报
甘肃省,天水市,9.57,2024,天水市国民经济和社会发展统计公报
甘肃省,定西市,9.05,2024,定西市国民经济和社会发展统计公报
甘肃省,平凉市,10.53,2024,平凉市国民经济和社会发展统计公报
甘肃省,庆阳市,9.37,2024,庆阳统计年鉴
甘肃省,张掖市,10.38,2024,张掖市国民经济和社会发展统计公报
甘肃省,武威市,10.1,2024,武威市国民经济和社会发展统计公报
甘肃省,甘南藏族自治州,9.2,2024,甘南藏族自治州国民经济和社会发展统计公报
甘肃省,白银市,9.22,2024,白银市国民经济和社会发展统计公报
甘肃省,酒泉市,8.48,2024,酒泉市国民经济和社会发展统计公报
甘肃省,金昌市,10.63,2024,金昌市国民经济和社会发展统计公报
甘肃省,陇南市,8.63,2024,陇南市国民经济和社会发展统计公报
福建省,三明市,8.09,2024,泉州统计年鉴
福建省,南平市,8.46,2025,南平市国民经济和社会发展统计公报
福建省,厦门市,3.92,2025,厦门市国民经济和社会发展统计公报
福建省,宁德市,8.08,2025,宁德市国民经济和社会发展统计公报
福建省,泉州市,7.1,2024,泉州统计年鉴
福建省,漳州市,7.58,2025,漳州市国民经济和社会发展统计公报
福建省,福州市,5.93,2024,泉州统计年鉴
福建省,莆田市,7.06,2024,莆田统计年鉴
福建省,龙岩市,8.29,2025,龙岩市国民经济和社会发展统计公报
西藏自治区,山南市,5.05,2024,山南市国民经济和社会发展统计公报
西藏自治区,拉萨市,6.55,2025,拉萨市国民经济和社会发展统计公报
西藏自治区,那曲市,1.74,2024,那曲市国民经济和社会发展统计公报
贵州省,六盘水市,7.29,2025,六盘水市国民经济和社会发展统计公报
贵州省,贵州,7.74,2024,中国统计年鉴
贵州省,贵阳市,6.96,2025,贵阳市国民经济和社会发展统计公报
贵州省,遵义市,9.04,2025,遵义市国民经济和社会发展统计公报
贵州省,铜仁市,5.55,2024,铜仁市国民经济和社会发展统计公报
贵州省,黔东南苗族侗族自治州,8.87,2025,黔东南苗族侗族自治州国民经济和社会发展统计公报
贵州省,黔南州,6.3,2023,黔南统计年鉴
辽宁省,丹东市,10.8,2025,丹东市国民经济和社会发展统计公报
辽宁省,凌海市,10.91,2024,（辽宁省）凌海市国民经济和社会发展统计公报
辽宁省,大连市,9.55,2025,大连市国民经济和社会发展统计公报
辽宁省,抚顺市,12.73,2024,抚顺市国民经济和社会发展统计公报
辽宁省,朝阳市,8.7,2024,朝阳市国民经济和社会发展统计公报
辽宁省,本溪市,8.37,2024,本溪市国民经济和社会发展统计公报
辽宁省,沈阳市,8.98,2025,沈阳市国民经济和社会发展统计公报
辽宁省,盘锦市,9.5,2025,盘锦市国民经济和社会发展统计公报
辽宁省,营口市,9.99,2025,营口市国民经济和社会发展统计公报
辽宁省,葫芦岛市,8.74,2024,葫芦岛市国民经济和社会发展统计公报
辽宁省,辽阳市,10.072,2024,辽阳市国民经济和社会发展统计公报
辽宁省,铁岭市,9.76,2024,铁岭市国民经济和社会发展统计公报
辽宁省,锦州,28.2,2023,辽宁统计年鉴
辽宁省,阜新市,9.1,2024,阜新市国民经济和社会发展统计公报
辽宁省,鞍山市,10.2,2024,鞍山市国民经济和社会发展统计公报
重庆市,合川市,8.7,2021,合川统计年鉴
陕西省,咸阳市,8.31,2025,咸阳市国民经济和社会发展统计公报
陕西省,商洛市,8.54,2025,商洛市国民经济和社会发展统计公报
陕西省,子长市,6.95,2024,延安统计年鉴
陕西省,安康市,8.24,2024,安康市国民经济和社会发展统计公报
陕西省,宝鸡市,8.51,2024,宝鸡市国民经济和社会发展统计公报
陕西省,延安市,6.96,2024,延安统计年鉴
陕西省,旬阳市,8.47,2024,（陕西省）旬阳市国民经济和社会发展统计公报
陕西省,榆林市,7.15,2024,榆林市国民经济和社会发展统计公报
陕西省,汉中市,9.05,2024,汉中市国民经济和社会发展统计公报
陕西省,渭南市,9.34,2025,渭南市国民经济和社会发展统计公报
陕西省,西安市,7.82,2024,西安市国民经济和社会发展统计公报
陕西省,铜川市,7.6,2021,商洛统计年鉴
青海省,果洛藏族自治州,4.75,2023,2023年果洛藏族自治州国民经济和社会发展统计公报
青海省,海东市,6.06,2022,2022年海东市国民经济和社会发展统计公报
青海省,海南藏族自治州,7.2,2022,2022年海南藏族自治州国民经济和社会发展统计公报
青海省,海西蒙古族藏族自治州,6.81,2023,2023年海西蒙古族藏族自治州国民经济和社会发展统计公报
青海省,西宁市,9.33,2023,西宁统计年鉴
青海省,黄南藏族自治州,7.01,2022,2022年黄南藏族自治州国民经济和社会发展统计公报
黑龙江省,东宁市,23.8,2024,（黑龙江省）东宁市国民经济和社会发展统计公报
黑龙江省,伊春市,26.2,2025,伊春市国民经济和社会发展统计公报
黑龙江省,佳木斯市,7.9,2023,2023年佳木斯市国民经济和社会发展统计公报
黑龙江省,双鸭山市,5.34,2024,双鸭山市国民经济和社会发展统计公报
黑龙江省,哈尔滨市,5.7,2024,哈尔滨市国民经济和社会发展统计公报
黑龙江省,大兴安岭地区,9.88,2024,大兴安岭地区国民经济和社会发展统计公报
黑龙江省,大庆市,5.31,2023,大庆市国民经济和社会发展统计公报
黑龙江省,漠河市,8.68,2024,（黑龙江省）漠河市国民经济和社会发展统计公报
黑龙江省,牡丹江市,12.0,2025,牡丹江市国民经济和社会发展统计公报
黑龙江省,绥化市,9.57,2024,绥化市国民经济和社会发展统计公报
黑龙江省,鸡西市,6.93,2024,鸡西市国民经济和社会发展统计公报
黑龙江省,黑河市,10.5,2024,黑河市国民经济和社会发展统计公报
黑龙江省,齐齐哈尔市,5.8,2024,齐齐哈尔市国民经济和社会发展统计公报
